<?xml version="1.0" encoding="UTF-8"?>
<project-private xmlns="http://www.netbeans.org/ns/project-private/1">
    <editor-bookmarks xmlns="http://www.netbeans.org/ns/editor-bookmarks/2" lastBookmarkId="0"/>
    <open-files xmlns="http://www.netbeans.org/ns/projectui-open-files/2">
        <group>
            <file>file:/C:/Users/Admin/Documents/NetBeansProjects/bankmanagementsystem/src/bankmanagementsystem/SignupThree.java</file>
            <file>file:/C:/Users/Admin/Documents/NetBeansProjects/bankmanagementsystem/src/bankmanagementsystem/SignupOne.java</file>
            <file>file:/C:/Users/Admin/Documents/NetBeansProjects/bankmanagementsystem/src/bankmanagementsystem/SignupTwo.java</file>
            <file>file:/C:/Users/Admin/Documents/NetBeansProjects/bankmanagementsystem/src/bankmanagementsystem/Login.java</file>
            <file>file:/C:/Users/Admin/Documents/NetBeansProjects/bankmanagementsystem/src/bankmanagementsystem/FastCash.java</file>
            <file>file:/C:/Users/Admin/Documents/NetBeansProjects/bankmanagementsystem/src/bankmanagementsystem/BalanceEnquiry.java</file>
            <file>file:/C:/Users/Admin/Documents/NetBeansProjects/bankmanagementsystem/src/bankmanagementsystem/Deposit.java</file>
            <file>file:/C:/Users/Admin/Documents/NetBeansProjects/bankmanagementsystem/src/bankmanagementsystem/Conn.java</file>
            <file>file:/C:/Users/Admin/Documents/NetBeansProjects/bankmanagementsystem/src/bankmanagementsystem/MiniStatement.java</file>
            <file>file:/C:/Users/Admin/Documents/NetBeansProjects/bankmanagementsystem/src/bankmanagementsystem/PinChange.java</file>
            <file>file:/C:/Users/Admin/Documents/NetBeansProjects/bankmanagementsystem/src/bankmanagementsystem/Transactions.java</file>
            <file>file:/C:/Users/Admin/Documents/NetBeansProjects/bankmanagementsystem/src/bankmanagementsystem/withdrawl.java</file>
        </group>
    </open-files>
</project-private>
